﻿Designator,Footprint,Quantity,Value,LCSC Part #
C1,C_Audio_31x14,1,2.2uF,
C2,C_Audio_31x14,1,2.7uF,
C3,C_Audio_18x07,1,0.22uF,
C4,C_Audio_45x18,1,6.8uF,
J1,"TerminalBlock_Phoenix_MKDS-1,5-2-5.08_1x02_P5.08mm_Horizontal",1,In,
J2,"TerminalBlock_Phoenix_MKDS-1,5-2-5.08_1x02_P5.08mm_Horizontal",1,High,
J3,"TerminalBlock_Phoenix_MKDS-1,5-2-5.08_1x02_P5.08mm_Horizontal",1,Low,
J4,"TerminalBlock_Phoenix_MKDS-1,5-2-5.08_1x02_P5.08mm_Horizontal",1,Mid,
L1,L_Audio_D40_W18_Vertical,1,0.30mH,
L2,L_Audio_D48_W16_Horizontal,1,1.5mH,
L3,L_Audio_61x38_Iron,1,3.5mH,
R1,R_Axial_Power_L48.0mm_W12.5mm_P60.96mm,1,5.1,
R2,R_Axial_Power_L48.0mm_W12.5mm_P60.96mm,1,4.7,
